group,signal,phase,lambda,lambda_025,lambda_500,lambda_975,N0,N0_025,N0_500,N0_975
passive,localization,main,1,0.305659448,0.918620131,1,6.882769953,5.641324751,6.918683979,8.087086654
passive,slowprocess,main,0.034755847,0.02986476,0.034693334,0.040709896,25.18340545,22.62740565,25.27282587,27.40688856
passive,reaches,main,0.270283197,0.217998428,0.270208046,0.349215901,28.56330385,27.77668921,28.5411714,29.40551248
terminal,localization,main,0.435087523,0.064161046,0.353541421,1,6.318319412,5.052980855,6.36900066,8.057726356
terminal,slowprocess,main,0.033530801,0.030057911,0.033723283,0.036767792,25.34904479,23.56300448,25.40885539,27.10435664
terminal,reaches,main,0.142002311,0.094703689,0.142096488,0.203484134,27.73974519,26.02730894,27.78274357,29.48042902
exposure,localization,main,0.692765304,0.343012473,1,1,5.180783122,3.767507159,5.15935832,6.688758967
